original_index,column,dtype,being_used,column_group
0.0,base_datetime,float64,False,
1.0,lat,float32,True,
2.0,lon,float32,True,
3.0,sog,float32,True,
4.0,cog,float32,True,
5.0,year,float32,True,
6.0,month,float32,True,
7.0,destination_cluster_lat_center,float32,False,destination_cluster
8.0,destination_cluster_lon_center,float32,False,destination_cluster
9.0,33.4_-118.64_water_u,int16,True,weather
10.0,33.4_-118.88_water_u,int16,True,weather
11.0,33.4_-119.12_water_u,int16,True,weather
12.0,33.4_-119.36_water_u,int16,True,weather
13.0,33.4_-119.6_water_u,int16,True,weather
14.0,33.4_-119.84_water_u,int16,True,weather
15.0,33.4_-120.08_water_u,int16,True,weather
16.0,33.4_-120.32_water_u,int16,True,weather
17.0,33.4_-120.56_water_u,int16,True,weather
18.0,33.4_-120.8_water_u,int16,True,weather
19.0,33.4_-121.04_water_u,int16,True,weather
20.0,33.4_-121.28_water_u,int16,True,weather
21.0,33.4_-121.52_water_u,int16,True,weather
22.0,33.4_-121.76_water_u,int16,True,weather
23.0,33.4_-122.0_water_u,int16,True,weather
24.0,33.64_-118.64_water_u,int16,True,weather
25.0,33.64_-118.88_water_u,int16,True,weather
26.0,33.64_-119.12_water_u,int16,True,weather
27.0,33.64_-119.36_water_u,int16,True,weather
28.0,33.64_-119.6_water_u,int16,True,weather
29.0,33.64_-119.84_water_u,int16,True,weather
30.0,33.64_-120.08_water_u,int16,True,weather
31.0,33.64_-120.32_water_u,int16,True,weather
32.0,33.64_-120.56_water_u,int16,True,weather
33.0,33.64_-120.8_water_u,int16,True,weather
34.0,33.64_-121.04_water_u,int16,True,weather
35.0,33.64_-121.28_water_u,int16,True,weather
36.0,33.64_-121.52_water_u,int16,True,weather
37.0,33.64_-121.76_water_u,int16,True,weather
38.0,33.64_-122.0_water_u,int16,True,weather
39.0,33.88_-118.64_water_u,int16,True,weather
40.0,33.88_-118.88_water_u,int16,True,weather
41.0,33.88_-119.12_water_u,int16,True,weather
42.0,33.88_-119.36_water_u,int16,True,weather
43.0,33.88_-119.6_water_u,int16,True,weather
44.0,33.88_-119.84_water_u,int16,True,weather
45.0,33.88_-120.32_water_u,int16,True,weather
46.0,33.88_-120.56_water_u,int16,True,weather
47.0,33.88_-120.8_water_u,int16,True,weather
48.0,33.88_-121.04_water_u,int16,True,weather
49.0,33.88_-121.28_water_u,int16,True,weather
50.0,33.88_-121.52_water_u,int16,True,weather
51.0,33.88_-121.76_water_u,int16,True,weather
52.0,33.88_-122.0_water_u,int16,True,weather
53.0,34.12_-119.36_water_u,int16,True,weather
54.0,34.12_-119.6_water_u,int16,True,weather
55.0,34.12_-119.84_water_u,int16,True,weather
56.0,34.12_-120.08_water_u,int16,True,weather
57.0,34.12_-120.32_water_u,int16,True,weather
58.0,34.12_-120.56_water_u,int16,True,weather
59.0,34.12_-120.8_water_u,int16,True,weather
60.0,34.12_-121.04_water_u,int16,True,weather
61.0,34.12_-121.28_water_u,int16,True,weather
62.0,34.12_-121.52_water_u,int16,True,weather
63.0,34.12_-121.76_water_u,int16,True,weather
64.0,34.12_-122.0_water_u,int16,True,weather
65.0,34.36_-119.6_water_u,int16,True,weather
66.0,34.36_-119.84_water_u,int16,True,weather
67.0,34.36_-120.08_water_u,int16,True,weather
68.0,34.36_-120.32_water_u,int16,True,weather
69.0,34.36_-120.56_water_u,int16,True,weather
70.0,34.36_-120.8_water_u,int16,True,weather
71.0,34.36_-121.04_water_u,int16,True,weather
72.0,34.36_-121.28_water_u,int16,True,weather
73.0,34.36_-121.52_water_u,int16,True,weather
74.0,34.36_-121.76_water_u,int16,True,weather
75.0,34.36_-122.0_water_u,int16,True,weather
76.0,34.6_-120.8_water_u,int16,True,weather
77.0,34.6_-121.04_water_u,int16,True,weather
78.0,34.6_-121.28_water_u,int16,True,weather
79.0,34.6_-121.52_water_u,int16,True,weather
80.0,34.6_-121.76_water_u,int16,True,weather
81.0,34.6_-122.0_water_u,int16,True,weather
82.0,34.84_-120.8_water_u,int16,True,weather
83.0,34.84_-121.04_water_u,int16,True,weather
84.0,34.84_-121.28_water_u,int16,True,weather
85.0,34.84_-121.52_water_u,int16,True,weather
86.0,34.84_-121.76_water_u,int16,True,weather
87.0,34.84_-122.0_water_u,int16,True,weather
88.0,35.08_-120.8_water_u,int16,True,weather
89.0,35.08_-121.04_water_u,int16,True,weather
90.0,35.08_-121.28_water_u,int16,True,weather
91.0,35.08_-121.52_water_u,int16,True,weather
92.0,35.08_-121.76_water_u,int16,True,weather
93.0,35.08_-122.0_water_u,int16,True,weather
94.0,35.32_-121.04_water_u,int16,True,weather
95.0,35.32_-121.28_water_u,int16,True,weather
96.0,35.32_-121.52_water_u,int16,True,weather
97.0,35.32_-121.76_water_u,int16,True,weather
98.0,35.32_-122.0_water_u,int16,True,weather
99.0,35.56_-121.28_water_u,int16,True,weather
100.0,35.56_-121.52_water_u,int16,True,weather
101.0,35.56_-121.76_water_u,int16,True,weather
102.0,35.56_-122.0_water_u,int16,True,weather
103.0,35.8_-121.52_water_u,int16,True,weather
104.0,35.8_-121.76_water_u,int16,True,weather
105.0,35.8_-122.0_water_u,int16,True,weather
106.0,36.04_-121.76_water_u,int16,True,weather
107.0,36.04_-122.0_water_u,int16,True,weather
108.0,36.28_-122.0_water_u,int16,True,weather
109.0,33.4_-118.64_water_v,int16,True,weather
110.0,33.4_-118.88_water_v,int16,True,weather
111.0,33.4_-119.12_water_v,int16,True,weather
112.0,33.4_-119.36_water_v,int16,True,weather
113.0,33.4_-119.6_water_v,int16,True,weather
114.0,33.4_-119.84_water_v,int16,True,weather
115.0,33.4_-120.08_water_v,int16,True,weather
116.0,33.4_-120.32_water_v,int16,True,weather
117.0,33.4_-120.56_water_v,int16,True,weather
118.0,33.4_-120.8_water_v,int16,True,weather
119.0,33.4_-121.04_water_v,int16,True,weather
120.0,33.4_-121.28_water_v,int16,True,weather
121.0,33.4_-121.52_water_v,int16,True,weather
122.0,33.4_-121.76_water_v,int16,True,weather
123.0,33.4_-122.0_water_v,int16,True,weather
124.0,33.64_-118.64_water_v,int16,True,weather
125.0,33.64_-118.88_water_v,int16,True,weather
126.0,33.64_-119.12_water_v,int16,True,weather
127.0,33.64_-119.36_water_v,int16,True,weather
128.0,33.64_-119.6_water_v,int16,True,weather
129.0,33.64_-119.84_water_v,int16,True,weather
130.0,33.64_-120.08_water_v,int16,True,weather
131.0,33.64_-120.32_water_v,int16,True,weather
132.0,33.64_-120.56_water_v,int16,True,weather
133.0,33.64_-120.8_water_v,int16,True,weather
134.0,33.64_-121.04_water_v,int16,True,weather
135.0,33.64_-121.28_water_v,int16,True,weather
136.0,33.64_-121.52_water_v,int16,True,weather
137.0,33.64_-121.76_water_v,int16,True,weather
138.0,33.64_-122.0_water_v,int16,True,weather
139.0,33.88_-118.64_water_v,int16,True,weather
140.0,33.88_-118.88_water_v,int16,True,weather
141.0,33.88_-119.12_water_v,int16,True,weather
142.0,33.88_-119.36_water_v,int16,True,weather
143.0,33.88_-119.6_water_v,int16,True,weather
144.0,33.88_-119.84_water_v,int16,True,weather
145.0,33.88_-120.32_water_v,int16,True,weather
146.0,33.88_-120.56_water_v,int16,True,weather
147.0,33.88_-120.8_water_v,int16,True,weather
148.0,33.88_-121.04_water_v,int16,True,weather
149.0,33.88_-121.28_water_v,int16,True,weather
150.0,33.88_-121.52_water_v,int16,True,weather
151.0,33.88_-121.76_water_v,int16,True,weather
152.0,33.88_-122.0_water_v,int16,True,weather
153.0,34.12_-119.36_water_v,int16,True,weather
154.0,34.12_-119.6_water_v,int16,True,weather
155.0,34.12_-119.84_water_v,int16,True,weather
156.0,34.12_-120.08_water_v,int16,True,weather
157.0,34.12_-120.32_water_v,int16,True,weather
158.0,34.12_-120.56_water_v,int16,True,weather
159.0,34.12_-120.8_water_v,int16,True,weather
160.0,34.12_-121.04_water_v,int16,True,weather
161.0,34.12_-121.28_water_v,int16,True,weather
162.0,34.12_-121.52_water_v,int16,True,weather
163.0,34.12_-121.76_water_v,int16,True,weather
164.0,34.12_-122.0_water_v,int16,True,weather
165.0,34.36_-119.6_water_v,int16,True,weather
166.0,34.36_-119.84_water_v,int16,True,weather
167.0,34.36_-120.08_water_v,int16,True,weather
168.0,34.36_-120.32_water_v,int16,True,weather
169.0,34.36_-120.56_water_v,int16,True,weather
170.0,34.36_-120.8_water_v,int16,True,weather
171.0,34.36_-121.04_water_v,int16,True,weather
172.0,34.36_-121.28_water_v,int16,True,weather
173.0,34.36_-121.52_water_v,int16,True,weather
174.0,34.36_-121.76_water_v,int16,True,weather
175.0,34.36_-122.0_water_v,int16,True,weather
176.0,34.6_-120.8_water_v,int16,True,weather
177.0,34.6_-121.04_water_v,int16,True,weather
178.0,34.6_-121.28_water_v,int16,True,weather
179.0,34.6_-121.52_water_v,int16,True,weather
180.0,34.6_-121.76_water_v,int16,True,weather
181.0,34.6_-122.0_water_v,int16,True,weather
182.0,34.84_-120.8_water_v,int16,True,weather
183.0,34.84_-121.04_water_v,int16,True,weather
184.0,34.84_-121.28_water_v,int16,True,weather
185.0,34.84_-121.52_water_v,int16,True,weather
186.0,34.84_-121.76_water_v,int16,True,weather
187.0,34.84_-122.0_water_v,int16,True,weather
188.0,35.08_-120.8_water_v,int16,True,weather
189.0,35.08_-121.04_water_v,int16,True,weather
190.0,35.08_-121.28_water_v,int16,True,weather
191.0,35.08_-121.52_water_v,int16,True,weather
192.0,35.08_-121.76_water_v,int16,True,weather
193.0,35.08_-122.0_water_v,int16,True,weather
194.0,35.32_-121.04_water_v,int16,True,weather
195.0,35.32_-121.28_water_v,int16,True,weather
196.0,35.32_-121.52_water_v,int16,True,weather
197.0,35.32_-121.76_water_v,int16,True,weather
198.0,35.32_-122.0_water_v,int16,True,weather
199.0,35.56_-121.28_water_v,int16,True,weather
200.0,35.56_-121.52_water_v,int16,True,weather
201.0,35.56_-121.76_water_v,int16,True,weather
202.0,35.56_-122.0_water_v,int16,True,weather
203.0,35.8_-121.52_water_v,int16,True,weather
204.0,35.8_-121.76_water_v,int16,True,weather
205.0,35.8_-122.0_water_v,int16,True,weather
206.0,36.04_-121.76_water_v,int16,True,weather
207.0,36.04_-122.0_water_v,int16,True,weather
208.0,36.28_-122.0_water_v,int16,True,weather
209.0,weather_is_imputed,bool,True,weather
210.0,vessel_group_cargo,bool,True,vessel_group
211.0,vessel_group_fishing,bool,True,vessel_group
212.0,vessel_group_passenger,bool,True,vessel_group
213.0,vessel_group_pleasure craft or sailing,bool,True,vessel_group
214.0,vessel_group_tanker,bool,True,vessel_group
215.0,vessel_group_tug tow,bool,True,vessel_group
216.0,destination_cluster_-1,bool,False,destination_cluster
217.0,destination_cluster_0,bool,False,destination_cluster
218.0,destination_cluster_1,bool,False,destination_cluster
219.0,destination_cluster_2,bool,False,destination_cluster
220.0,destination_cluster_3,bool,False,destination_cluster
221.0,destination_cluster_4,bool,False,destination_cluster
,hour,int16,True,
,day_of_week,int16,True,
